{
    "Mach1": 0.39572028710722074,
    "alpha2_degrees": 44.20097332549005
}