{
    "T_flame": 1713.6388249148586,
    "P_flame": 1471340.000000013,
    "phi": 0.355381,
    "species": [
        {
            "H2": 5.0829627183737344e-08,
            "O2": 0.14507416997118044,
            "CO": 2.8369294586724262e-06,
            "CO2": 0.07770911421198466,
            "CH4": 1.3587102073491116e-27,
            "C2H6": 6.867573108116657e-50,
            "CH2O": 2.3425057973764313e-17,
            "C2H2": 6.447223926804925e-36,
            "C2H4": 2.907863263279489e-42,
            "C3H6": 1.173159235476608e-63,
            "CH3OH": 5.704975767562614e-26,
            "CH3HCO": 2.587042158611367e-38,
            "AC3H4": 1.1988361814377212e-57,
            "C4H4": 3.1671023931968567e-71,
            "C4H6": 1.0582548284617097e-77,
            "C4H2": 1.0519126168587676e-65,
            "C3H8": 6.511296631558212e-72,
            "BUTYNE": 2.8361420353606653e-79,
            "C2C4H8": 5.5559154987485146e-86,
            "ACROL": 5.217853374712822e-52,
            "PC3H4": 3.078615552353699e-57,
            "C4H8": 1.0529453985693601e-85,
            "T2C4H8": 5.918511768319745e-86,
            "C6H6": 1.6182521916005438e-103,
            "AC5H10": 5.723830596341247e-108,
            "T2C5H10": 3.535484404463529e-108,
            "C2C5H10": 5.027614118352921e-108,
            "C5H813": 6.896503146531319e-100,
            "C": 2.036630223968723e-28,
            "AC6H12": 3.4974121616532e-130,
            "CC7H14": 2.3309998170683334e-153,
            "AC7H14": 4.9280454850016114e-154,
            "BC7H14": 1.8327481492110727e-152,
            "AC8H16": 1.387278354542401e-174,
            "C6H10": 2.2605166500706342e-122,
            "AC9H18": 7.131614397257895e-197,
            "AC10H20": 4.427631332474728e-219,
            "NC10H22": 4.491350956668595e-227,
            "PHC3H7": 1.6479728963490594e-169,
            "TOLUEN": 6.582398417798711e-125,
            "PHC2H5": 5.01299018570235e-147,
            "STYREN": 4.5146064094196546e-139,
            "PHHCO": 1.0683792012273968e-113,
            "CPD": 4.534549478611804e-92,
            "C6H5OH": 5.880100981133744e-100,
            "PHC2H": 8.143726496653855e-133,
            "PHCH2OH": 3.86336602006921e-123,
            "C14H14": 7.009178682715478e-245,
            "NAPHT": 2.550541908464412e-165,
            "CHD13": 2.398337782726178e-114,
            "C4H612": 3.1803441938939116e-79,
            "BUTYN2": 3.5824543566811125e-79,
            "HOC4H6": 5.957617089643832e-82,
            "MHD": 4.154075068544212e-164,
            "CYC6H12": 3.445260822996273e-132,
            "CYC5H8": 1.7157032429230823e-100,
            "CYC6H10": 5.649449162620019e-123,
            "CYC9H18": 1.788494143952014e-198,
            "CYC8H14": 1.1742433850568003e-167,
            "CYC7H12": 2.2803769411079845e-145,
            "C7H1213": 3.670749560115524e-144,
            "C7H1216": 8.48250704523857e-145,
            "HEX1245": 3.2814056502299756e-109,
            "MC6H6": 1.2590101970839175e-108,
            "FULVENE": 3.398838476373303e-105,
            "C6H615": 2.0030240191799727e-109,
            "NC4H10": 6.960060539456206e-94,
            "N2": 0.7471335539057152,
            "H": 1.300256702694187e-09,
            "O": 2.685333830336767e-06,
            "OH": 7.2197253482529e-05,
            "HO2": 8.952107981285122e-07,
            "H2O": 0.027311840121124642,
            "H2O2": 4.3472421528037314e-08,
            "HCO": 1.1652945797421009e-15,
            "CH3": 1.606814404095473e-27,
            "SCH2": 3.197304876000893e-30,
            "C2H5": 4.112620952294878e-49,
            "CH2": 1.1008158825984799e-28,
            "CH": 1.7212166079868924e-29,
            "CH3O": 5.29502924300903e-27,
            "CH2OH": 1.2578694678777753e-24,
            "C3H3": 2.9189444628649325e-55,
            "CH2CO": 1.7222488226674564e-30,
            "C2H3": 7.513376676382003e-43,
            "C2H4O2H": 5.3436414226788335e-52,
            "CH2HCO": 2.657617508509085e-37,
            "C2H": 8.670250712481978e-40,
            "C2H4O": 6.1670036270557105e-43,
            "HCCO": 1.3408673103558842e-30,
            "HCCOH": 2.1708801504634904e-34,
            "IC4H3": 9.207419537924217e-69,
            "C2": 2.201170712020365e-42,
            "CHOCHO": 5.94749919239764e-29,
            "CHOCO": 1.0381968174826833e-26,
            "C2H3O": 3.825414979813881e-39,
            "CH3CO": 7.44418687286539e-37,
            "C2H2OH": 6.607171654401589e-41,
            "C2O": 5.681694232584278e-29,
            "SC3H5": 1.2125893267499668e-64,
            "C3H3O": 5.188578072471351e-59,
            "IC3H7": 5.655081696531796e-71,
            "NC3H7": 6.1442910814371416e-71,
            "AC3H5": 3.251622905100637e-61,
            "TC3H5": 2.3479477887686057e-63,
            "C3H6O": 1.2474943600477819e-66,
            "C3H5O": 5.00915272350727e-63,
            "C3H4O2H": 9.12439804004841e-65,
            "C3H4O": 7.346897800843353e-53,
            "C2H3CO": 5.358737698862287e-51,
            "IC4H7": 7.146289813707909e-84,
            "C3H4OH": 1.0270169644391121e-73,
            "C3H2": 2.333559466377611e-53,
            "NC4H3": 3.3858625016505066e-72,
            "MEALL": 7.05378138269397e-84,
            "SC4H9": 8.796294801472192e-93,
            "PC4H9": 4.611219420327767e-93,
            "NC4H5": 5.977569557590331e-78,
            "IC4H5": 4.1944875902636236e-76,
            "H2C4O": 9.879464306408794e-63,
            "C4H": 2.054213573722101e-65,
            "OC4H6": 1.1623528601044534e-74,
            "C4H5O": 5.665010585361013e-69,
            "C4H6O2H": 3.5408842247416684e-92,
            "AC5H11": 2.4245321066248513e-115,
            "BC5H11": 1.7024039029182707e-114,
            "CC5H11": 8.415895470848171e-115,
            "ETHCO": 2.5145968210047417e-60,
            "C5H913": 9.477523173183435e-106,
            "C5H924": 1.3285550077854774e-105,
            "AC6H13": 2.185816970055146e-137,
            "BC6H13": 7.517738051772689e-137,
            "C6H1113": 3.27447530731689e-128,
            "AC7H15": 1.0401095877917607e-159,
            "BC7H15": 2.0585039987410908e-159,
            "CC7H15": 6.729993597508381e-159,
            "DC7H15": 3.3461010736237765e-159,
            "C7H1313": 3.9832910578887604e-150,
            "C7H1324": 4.974432790580462e-150,
            "C7H1335": 5.825344062694773e-150,
            "AC8H17": 1.808173600897773e-183,
            "BC8H17": 3.2571768669991706e-183,
            "CC8H17": 2.568740737073213e-183,
            "DC8H17": 8.0975718564841e-184,
            "C8H1513": 1.3130785373712406e-172,
            "AC9H19": 3.9789296259790705e-204,
            "BC9H19": 4.8480860771547145e-204,
            "CC9H19": 5.014887668429658e-204,
            "DC9H19": 5.014887668429658e-204,
            "EC9H19": 2.507562139609898e-204,
            "AC9H17": 8.055102345124725e-195,
            "AC10H21": 2.3872288011936964e-226,
            "BC10H21": 2.9105451718870394e-226,
            "CC10H21": 3.0139843449591694e-226,
            "DC10H21": 3.0139843449591694e-226,
            "EC10H21": 3.0139843449591694e-226,
            "AC10H19": 4.854961221879163e-217,
            "C8H1514": 6.383367127085598e-174,
            "C8H1515": 6.383367127085598e-174,
            "C8H1516": 6.383367127085598e-174,
            "C8H1517": 6.162987206827467e-174,
            "C8H1518": 5.060075834395186e-174,
            "C4H73": 9.716277474587533e-85,
            "C5H915": 1.971945496867462e-107,
            "C6H1116": 1.2893875365962294e-129,
            "APHC3H6": 6.161146545184846e-169,
            "BPHC3H6": 7.505756330300145e-169,
            "CPHC3H6": 1.6891658116506991e-167,
            "PHCH2": 3.2437715666399673e-123,
            "BPHC2H4": 3.184422354435769e-145,
            "C6H5": 1.441426520064538e-103,
            "APHC2H4": 1.043514832893486e-146,
            "C6H5O": 1.3577620276993267e-98,
            "C5H5": 1.8856443680551778e-89,