{
    "BPR": 0.20006862489040694,
    "Beta_c": 5.9069977178955195,
    "Mach": 1.1336176037620593,
    "quota": 12203.244934421582
}